<?xml version="1.0" encoding="UTF-8"?>
<metadata xml:lang="de"><Esri><CreaDate>20190206</CreaDate><CreaTime>15515500</CreaTime><ArcGISFormat>1.0</ArcGISFormat><SyncOnce>TRUE</SyncOnce><DataProperties><lineage><Process ToolSource="c:\program files\arcgis\pro\Resources\ArcToolbox\toolboxes\Data Management Tools.tbx\DefineProjection" Date="20190206" Time="155155">DefineProjection L:/STAT/08_DS/03_GIS/Admin/Geodaten_Admin/Basiskarten_Web/Gemeinde/2019/GEN_A4_GEMEINDEN_2019_F/GEN_A4_GEMEINDEN_SEEN_2019.shp PROJCS['CH1903+_LV95',GEOGCS['GCS_CH1903+',DATUM['D_CH1903+',SPHEROID['Bessel_1841',6377397.155,299.1528128]],PRIMEM['Greenwich',0.0],UNIT['Degree',0.0174532925199433]],PROJECTION['Hotine_Oblique_Mercator_Azimuth_Center'],PARAMETER['False_Easting',2600000.0],PARAMETER['False_Northing',1200000.0],PARAMETER['Scale_Factor',1.0],PARAMETER['Azimuth',90.0],PARAMETER['Longitude_Of_Center',7.439583333333333],PARAMETER['Latitude_Of_Center',46.95240555555556],UNIT['Meter',1.0]]</Process><Process ToolSource="c:\program files\arcgis\pro\Resources\ArcToolbox\toolboxes\Data Management Tools.tbx\DefineProjection" Date="20190211" Time="081202">DefineProjection L:/STAT/08_DS/03_GIS/Admin/Geodaten_Admin/Basiskarten_Web/Gemeinde/2019/GEN_A4_GEMEINDEN_2019_F/GEN_A4_GEMEINDEN_SEEN_2019.shp PROJCS['CH1903+_LV95',GEOGCS['GCS_CH1903+',DATUM['D_CH1903+',SPHEROID['Bessel_1841',6377397.155,299.1528128]],PRIMEM['Greenwich',0.0],UNIT['Degree',0.0174532925199433]],PROJECTION['Hotine_Oblique_Mercator_Azimuth_Center'],PARAMETER['False_Easting',2600000.0],PARAMETER['False_Northing',1200000.0],PARAMETER['Scale_Factor',1.0],PARAMETER['Azimuth',90.0],PARAMETER['Longitude_Of_Center',7.439583333333333],PARAMETER['Latitude_Of_Center',46.95240555555556],UNIT['Meter',1.0]]</Process><Process ToolSource="c:\program files\arcgis\pro\Resources\ArcToolbox\toolboxes\Data Management Tools.tbx\DefineProjection" Date="20190304" Time="164136">DefineProjection L:/STAT/08_DS/03_GIS/Admin/Geodaten_Admin/Basiskarten_Web/Gemeinde/2019/GEN_A4_GEMEINDEN_2019_F/GEN_A4_GEMEINDEN_SEEN_2019.shp PROJCS['CH1903+_LV95',GEOGCS['GCS_CH1903+',DATUM['D_CH1903+',SPHEROID['Bessel_1841',6377397.155,299.1528128]],PRIMEM['Greenwich',0.0],UNIT['Degree',0.0174532925199433]],PROJECTION['Hotine_Oblique_Mercator_Azimuth_Center'],PARAMETER['False_Easting',2600000.0],PARAMETER['False_Northing',1200000.0],PARAMETER['Scale_Factor',1.0],PARAMETER['Azimuth',90.0],PARAMETER['Longitude_Of_Center',7.439583333333333],PARAMETER['Latitude_Of_Center',46.95240555555556],UNIT['Meter',1.0]]</Process><Process ToolSource="c:\program files\arcgis\pro\Resources\ArcToolbox\toolboxes\Data Management Tools.tbx\DefineProjection" Date="20190305" Time="143543">DefineProjection L:/STAT/08_DS/03_GIS/Admin/Geodaten_Admin/Basiskarten_Web/Gemeinde/2019/GEN_A4_GEMEINDEN_2019_F/GEN_A4_GEMEINDEN_SEEN_2019.shp PROJCS['CH1903+_LV95',GEOGCS['GCS_CH1903+',DATUM['D_CH1903+',SPHEROID['Bessel_1841',6377397.155,299.1528128]],PRIMEM['Greenwich',0.0],UNIT['Degree',0.0174532925199433]],PROJECTION['Hotine_Oblique_Mercator_Azimuth_Center'],PARAMETER['False_Easting',2600000.0],PARAMETER['False_Northing',1200000.0],PARAMETER['Scale_Factor',1.0],PARAMETER['Azimuth',90.0],PARAMETER['Longitude_Of_Center',7.439583333333333],PARAMETER['Latitude_Of_Center',46.95240555555556],UNIT['Meter',1.0]]</Process><Process ToolSource="c:\program files\arcgis\pro\Resources\ArcToolbox\toolboxes\Data Management Tools.tbx\DefineProjection" Date="20190305" Time="161919">DefineProjection L:/STAT/08_DS/03_GIS/Admin/Geodaten_Admin/Basiskarten_Web/Gemeinde/2019/GEN_A4_GEMEINDEN_2019_F/GEN_A4_GEMEINDEN_SEEN_2019.shp PROJCS['CH1903+_LV95',GEOGCS['GCS_CH1903+',DATUM['D_CH1903+',SPHEROID['Bessel_1841',6377397.155,299.1528128]],PRIMEM['Greenwich',0.0],UNIT['Degree',0.0174532925199433]],PROJECTION['Hotine_Oblique_Mercator_Azimuth_Center'],PARAMETER['False_Easting',2600000.0],PARAMETER['False_Northing',1200000.0],PARAMETER['Scale_Factor',1.0],PARAMETER['Azimuth',90.0],PARAMETER['Longitude_Of_Center',7.439583333333333],PARAMETER['Latitude_Of_Center',46.95240555555556],UNIT['Meter',1.0]]</Process><Process ToolSource="c:\program files\arcgis\pro\Resources\ArcToolbox\toolboxes\Data Management Tools.tbx\DefineProjection" Date="20190305" Time="162224">DefineProjection L:/STAT/08_DS/03_GIS/Admin/Geodaten_Admin/Basiskarten_Web/Gemeinde/2019/GEN_A4_GEMEINDEN_2019_F/GEN_A4_GEMEINDEN_SEEN_2019.shp PROJCS['CH1903+_LV95',GEOGCS['GCS_CH1903+',DATUM['D_CH1903+',SPHEROID['Bessel_1841',6377397.155,299.1528128]],PRIMEM['Greenwich',0.0],UNIT['Degree',0.0174532925199433]],PROJECTION['Hotine_Oblique_Mercator_Azimuth_Center'],PARAMETER['False_Easting',2600000.0],PARAMETER['False_Northing',1200000.0],PARAMETER['Scale_Factor',1.0],PARAMETER['Azimuth',90.0],PARAMETER['Longitude_Of_Center',7.439583333333333],PARAMETER['Latitude_Of_Center',46.95240555555556],UNIT['Meter',1.0]]</Process><Process ToolSource="c:\program files\arcgis\pro\Resources\ArcToolbox\toolboxes\Data Management Tools.tbx\DefineProjection" Date="20190305" Time="164453">DefineProjection L:/STAT/08_DS/03_GIS/Admin/Geodaten_Admin/Basiskarten_Web/Gemeinde/2019/GEN_A4_GEMEINDEN_2019_F/GEN_A4_GEMEINDEN_SEEN_2019.shp PROJCS['CH1903+_LV95',GEOGCS['GCS_CH1903+',DATUM['D_CH1903+',SPHEROID['Bessel_1841',6377397.155,299.1528128]],PRIMEM['Greenwich',0.0],UNIT['Degree',0.0174532925199433]],PROJECTION['Hotine_Oblique_Mercator_Azimuth_Center'],PARAMETER['False_Easting',2600000.0],PARAMETER['False_Northing',1200000.0],PARAMETER['Scale_Factor',1.0],PARAMETER['Azimuth',90.0],PARAMETER['Longitude_Of_Center',7.439583333333333],PARAMETER['Latitude_Of_Center',46.95240555555556],UNIT['Meter',1.0]]</Process><Process ToolSource="c:\program files\arcgis\pro\Resources\ArcToolbox\toolboxes\Data Management Tools.tbx\DefineProjection" Date="20190305" Time="171206">DefineProjection L:/STAT/08_DS/03_GIS/Admin/Geodaten_Admin/Basiskarten_Web/Gemeinde/2019/GEN_A4_GEMEINDEN_2019_F/GEN_A4_GEMEINDEN_SEEN_2019.shp PROJCS['CH1903+_LV95',GEOGCS['GCS_CH1903+',DATUM['D_CH1903+',SPHEROID['Bessel_1841',6377397.155,299.1528128]],PRIMEM['Greenwich',0.0],UNIT['Degree',0.0174532925199433]],PROJECTION['Hotine_Oblique_Mercator_Azimuth_Center'],PARAMETER['False_Easting',2600000.0],PARAMETER['False_Northing',1200000.0],PARAMETER['Scale_Factor',1.0],PARAMETER['Azimuth',90.0],PARAMETER['Longitude_Of_Center',7.439583333333333],PARAMETER['Latitude_Of_Center',46.95240555555556],UNIT['Meter',1.0]]</Process><Process ToolSource="c:\program files\arcgis\pro\Resources\ArcToolbox\toolboxes\Data Management Tools.tbx\DefineProjection" Date="20190305" Time="171603">DefineProjection L:/STAT/08_DS/03_GIS/Admin/Geodaten_Admin/Basiskarten_Web/Gemeinde/2019/GEN_A4_GEMEINDEN_2019_F/GEN_A4_GEMEINDEN_SEEN_2019.shp PROJCS['CH1903+_LV95',GEOGCS['GCS_CH1903+',DATUM['D_CH1903+',SPHEROID['Bessel_1841',6377397.155,299.1528128]],PRIMEM['Greenwich',0.0],UNIT['Degree',0.0174532925199433]],PROJECTION['Hotine_Oblique_Mercator_Azimuth_Center'],PARAMETER['False_Easting',2600000.0],PARAMETER['False_Northing',1200000.0],PARAMETER['Scale_Factor',1.0],PARAMETER['Azimuth',90.0],PARAMETER['Longitude_Of_Center',7.439583333333333],PARAMETER['Latitude_Of_Center',46.95240555555556],UNIT['Meter',1.0]]</Process><Process ToolSource="c:\program files\arcgis\pro\Resources\ArcToolbox\toolboxes\Data Management Tools.tbx\DefineProjection" Date="20190305" Time="171649">DefineProjection L:/STAT/08_DS/03_GIS/Admin/Geodaten_Admin/Basiskarten_Web/Gemeinde/2019/GEN_A4_GEMEINDEN_2019_F/GEN_A4_GEMEINDEN_SEEN_2019.shp PROJCS['CH1903+_LV95',GEOGCS['GCS_CH1903+',DATUM['D_CH1903+',SPHEROID['Bessel_1841',6377397.155,299.1528128]],PRIMEM['Greenwich',0.0],UNIT['Degree',0.0174532925199433]],PROJECTION['Hotine_Oblique_Mercator_Azimuth_Center'],PARAMETER['False_Easting',2600000.0],PARAMETER['False_Northing',1200000.0],PARAMETER['Scale_Factor',1.0],PARAMETER['Azimuth',90.0],PARAMETER['Longitude_Of_Center',7.439583333333333],PARAMETER['Latitude_Of_Center',46.95240555555556],UNIT['Meter',1.0]]</Process><Process ToolSource="c:\program files\arcgis\pro\Resources\ArcToolbox\toolboxes\Data Management Tools.tbx\DefineProjection" Date="20190305" Time="171759">DefineProjection L:/STAT/08_DS/03_GIS/Admin/Geodaten_Admin/Basiskarten_Web/Gemeinde/2019/GEN_A4_GEMEINDEN_2019_F/GEN_A4_GEMEINDEN_SEEN_2019.shp PROJCS['CH1903+_LV95',GEOGCS['GCS_CH1903+',DATUM['D_CH1903+',SPHEROID['Bessel_1841',6377397.155,299.1528128]],PRIMEM['Greenwich',0.0],UNIT['Degree',0.0174532925199433]],PROJECTION['Hotine_Oblique_Mercator_Azimuth_Center'],PARAMETER['False_Easting',2600000.0],PARAMETER['False_Northing',1200000.0],PARAMETER['Scale_Factor',1.0],PARAMETER['Azimuth',90.0],PARAMETER['Longitude_Of_Center',7.439583333333333],PARAMETER['Latitude_Of_Center',46.95240555555556],UNIT['Meter',1.0]]</Process><Process ToolSource="c:\program files\arcgis\pro\Resources\ArcToolbox\toolboxes\Data Management Tools.tbx\DefineProjection" Date="20190305" Time="172118">DefineProjection L:/STAT/08_DS/03_GIS/Admin/Geodaten_Admin/Basiskarten_Web/Gemeinde/2019/GEN_A4_GEMEINDEN_2019_F/GEN_A4_GEMEINDEN_SEEN_2019.shp PROJCS['CH1903+_LV95',GEOGCS['GCS_CH1903+',DATUM['D_CH1903+',SPHEROID['Bessel_1841',6377397.155,299.1528128]],PRIMEM['Greenwich',0.0],UNIT['Degree',0.0174532925199433]],PROJECTION['Hotine_Oblique_Mercator_Azimuth_Center'],PARAMETER['False_Easting',2600000.0],PARAMETER['False_Northing',1200000.0],PARAMETER['Scale_Factor',1.0],PARAMETER['Azimuth',90.0],PARAMETER['Longitude_Of_Center',7.439583333333333],PARAMETER['Latitude_Of_Center',46.95240555555556],UNIT['Meter',1.0]]</Process><Process ToolSource="c:\program files\arcgis\pro\Resources\ArcToolbox\toolboxes\Data Management Tools.tbx\DefineProjection" Date="20190305" Time="173831">DefineProjection L:/STAT/08_DS/03_GIS/Admin/Geodaten_Admin/Basiskarten_Web/Gemeinde/2019/GEN_A4_GEMEINDEN_2019_F/GEN_A4_GEMEINDEN_SEEN_2019.shp PROJCS['CH1903+_LV95',GEOGCS['GCS_CH1903+',DATUM['D_CH1903+',SPHEROID['Bessel_1841',6377397.155,299.1528128]],PRIMEM['Greenwich',0.0],UNIT['Degree',0.0174532925199433]],PROJECTION['Hotine_Oblique_Mercator_Azimuth_Center'],PARAMETER['False_Easting',2600000.0],PARAMETER['False_Northing',1200000.0],PARAMETER['Scale_Factor',1.0],PARAMETER['Azimuth',90.0],PARAMETER['Longitude_Of_Center',7.439583333333333],PARAMETER['Latitude_Of_Center',46.95240555555556],UNIT['Meter',1.0]]</Process><Process ToolSource="c:\program files\arcgis\pro\Resources\ArcToolbox\toolboxes\Data Management Tools.tbx\DefineProjection" Date="20190306" Time="091105">DefineProjection L:/STAT/08_DS/03_GIS/Admin/Geodaten_Admin/Basiskarten_Web/Gemeinde/2019/GEN_A4_GEMEINDEN_2019_F/GEN_A4_GEMEINDEN_SEEN_2019.shp PROJCS['CH1903+_LV95',GEOGCS['GCS_CH1903+',DATUM['D_CH1903+',SPHEROID['Bessel_1841',6377397.155,299.1528128]],PRIMEM['Greenwich',0.0],UNIT['Degree',0.0174532925199433]],PROJECTION['Hotine_Oblique_Mercator_Azimuth_Center'],PARAMETER['False_Easting',2600000.0],PARAMETER['False_Northing',1200000.0],PARAMETER['Scale_Factor',1.0],PARAMETER['Azimuth',90.0],PARAMETER['Longitude_Of_Center',7.439583333333333],PARAMETER['Latitude_Of_Center',46.95240555555556],UNIT['Meter',1.0]]</Process><Process ToolSource="c:\program files\arcgis\pro\Resources\ArcToolbox\toolboxes\Data Management Tools.tbx\DefineProjection" Date="20190306" Time="093602">DefineProjection L:/STAT/08_DS/03_GIS/Admin/Geodaten_Admin/Basiskarten_Web/Gemeinde/2019/GEN_A4_GEMEINDEN_2019_F/GEN_A4_GEMEINDEN_SEEN_2019.shp PROJCS['CH1903+_LV95',GEOGCS['GCS_CH1903+',DATUM['D_CH1903+',SPHEROID['Bessel_1841',6377397.155,299.1528128]],PRIMEM['Greenwich',0.0],UNIT['Degree',0.0174532925199433]],PROJECTION['Hotine_Oblique_Mercator_Azimuth_Center'],PARAMETER['False_Easting',2600000.0],PARAMETER['False_Northing',1200000.0],PARAMETER['Scale_Factor',1.0],PARAMETER['Azimuth',90.0],PARAMETER['Longitude_Of_Center',7.439583333333333],PARAMETER['Latitude_Of_Center',46.95240555555556],UNIT['Meter',1.0]]</Process><Process ToolSource="c:\program files\arcgis\pro\Resources\ArcToolbox\toolboxes\Data Management Tools.tbx\DefineProjection" Date="20190306" Time="100601">DefineProjection L:/STAT/08_DS/03_GIS/Admin/Geodaten_Admin/Basiskarten_Web/Gemeinde/2019/GEN_A4_GEMEINDEN_2019_F/GEN_A4_GEMEINDEN_SEEN_2019.shp PROJCS['CH1903+_LV95',GEOGCS['GCS_CH1903+',DATUM['D_CH1903+',SPHEROID['Bessel_1841',6377397.155,299.1528128]],PRIMEM['Greenwich',0.0],UNIT['Degree',0.0174532925199433]],PROJECTION['Hotine_Oblique_Mercator_Azimuth_Center'],PARAMETER['False_Easting',2600000.0],PARAMETER['False_Northing',1200000.0],PARAMETER['Scale_Factor',1.0],PARAMETER['Azimuth',90.0],PARAMETER['Longitude_Of_Center',7.439583333333333],PARAMETER['Latitude_Of_Center',46.95240555555556],UNIT['Meter',1.0]]</Process><Process ToolSource="c:\program files\arcgis\pro\Resources\ArcToolbox\toolboxes\Data Management Tools.tbx\DefineProjection" Date="20190306" Time="101113">DefineProjection L:/STAT/08_DS/03_GIS/Admin/Geodaten_Admin/Basiskarten_Web/Gemeinde/2019/GEN_A4_GEMEINDEN_2019_F/GEN_A4_GEMEINDEN_SEEN_2019.shp PROJCS['CH1903+_LV95',GEOGCS['GCS_CH1903+',DATUM['D_CH1903+',SPHEROID['Bessel_1841',6377397.155,299.1528128]],PRIMEM['Greenwich',0.0],UNIT['Degree',0.0174532925199433]],PROJECTION['Hotine_Oblique_Mercator_Azimuth_Center'],PARAMETER['False_Easting',2600000.0],PARAMETER['False_Northing',1200000.0],PARAMETER['Scale_Factor',1.0],PARAMETER['Azimuth',90.0],PARAMETER['Longitude_Of_Center',7.439583333333333],PARAMETER['Latitude_Of_Center',46.95240555555556],UNIT['Meter',1.0]]</Process><Process ToolSource="c:\program files\arcgis\pro\Resources\ArcToolbox\toolboxes\Data Management Tools.tbx\DefineProjection" Date="20190306" Time="103223">DefineProjection L:/STAT/08_DS/03_GIS/Admin/Geodaten_Admin/Basiskarten_Web/Gemeinde/2019/GEN_A4_GEMEINDEN_2019_F/GEN_A4_GEMEINDEN_SEEN_2019.shp PROJCS['CH1903+_LV95',GEOGCS['GCS_CH1903+',DATUM['D_CH1903+',SPHEROID['Bessel_1841',6377397.155,299.1528128]],PRIMEM['Greenwich',0.0],UNIT['Degree',0.0174532925199433]],PROJECTION['Hotine_Oblique_Mercator_Azimuth_Center'],PARAMETER['False_Easting',2600000.0],PARAMETER['False_Northing',1200000.0],PARAMETER['Scale_Factor',1.0],PARAMETER['Azimuth',90.0],PARAMETER['Longitude_Of_Center',7.439583333333333],PARAMETER['Latitude_Of_Center',46.95240555555556],UNIT['Meter',1.0]]</Process><Process ToolSource="c:\program files\arcgis\pro\Resources\ArcToolbox\toolboxes\Data Management Tools.tbx\DefineProjection" Date="20190320" Time="102451">DefineProjection L:/STAT/08_DS/03_GIS/Admin/Geodaten_Admin/Basiskarten_Web/Gemeinde/2019/GEN_A4_GEMEINDEN_2019_F/GEN_A4_GEMEINDEN_SEEN_2019.shp PROJCS['CH1903+_LV95',GEOGCS['GCS_CH1903+',DATUM['D_CH1903+',SPHEROID['Bessel_1841',6377397.155,299.1528128]],PRIMEM['Greenwich',0.0],UNIT['Degree',0.0174532925199433]],PROJECTION['Hotine_Oblique_Mercator_Azimuth_Center'],PARAMETER['False_Easting',2600000.0],PARAMETER['False_Northing',1200000.0],PARAMETER['Scale_Factor',1.0],PARAMETER['Azimuth',90.0],PARAMETER['Longitude_Of_Center',7.439583333333333],PARAMETER['Latitude_Of_Center',46.95240555555556],UNIT['Meter',1.0]]</Process><Process ToolSource="c:\program files\arcgis\pro\Resources\ArcToolbox\toolboxes\Data Management Tools.tbx\DefineProjection" Date="20190320" Time="110733">DefineProjection L:/STAT/08_DS/03_GIS/Admin/Geodaten_Admin/Basiskarten_Web/Gemeinde/2019/GEN_A4_GEMEINDEN_2019_F/GEN_A4_GEMEINDEN_SEEN_2019.shp PROJCS['CH1903+_LV95',GEOGCS['GCS_CH1903+',DATUM['D_CH1903+',SPHEROID['Bessel_1841',6377397.155,299.1528128]],PRIMEM['Greenwich',0.0],UNIT['Degree',0.0174532925199433]],PROJECTION['Hotine_Oblique_Mercator_Azimuth_Center'],PARAMETER['False_Easting',2600000.0],PARAMETER['False_Northing',1200000.0],PARAMETER['Scale_Factor',1.0],PARAMETER['Azimuth',90.0],PARAMETER['Longitude_Of_Center',7.439583333333333],PARAMETER['Latitude_Of_Center',46.95240555555556],UNIT['Meter',1.0]]</Process></lineage></DataProperties></Esri></metadata>
